log_id,cleaned_patient_name,cleaned_admission_date,acuity_score,cleaned_assigned_room,cleaned_insurance
1002,"FATIMA ABUBAKAR",NULL,5,"ROOM 105","RELIANCE HEALTH"
1013,"KEMI ADEBAYO",NULL,2,"ROOM 102",SELF-PAY
1023,"HALIMA BELLO",NULL,1,"ROOM 108","RELIANCE HEALTH"
1028,"GENEVIEVE NNAJI",NULL,3,"ROOM 108","NEM INSURANCE"
1032,"TIWA SAVAGE",NULL,3,"ROOM 108","RELIANCE HEALTH"
1037,"ASAKE OLOLADE",NULL,4,"ROOM 108","NEM INSURANCE"
1041,"CKAY YO",NULL,3,"ROOM 204","RELIANCE HEALTH"
1045,"PATORANKING FIRE",NULL,2,"ROOM 102","RELIANCE HEALTH"
1049,"FLAVOUR NABANIA",NULL,5,"ROOM 105","LEADWAY ASSURANCE"
1053,"TIMAYA ODON",NULL,1,"ROOM 201","LEADWAY ASSURANCE"
1057,"JESSE JAGZ",NULL,4,UNASSIGNED,SELF-PAY
1061,"NAETO C",NULL,3,"ROOM 201","AXA MANSARD"
1065,"KCEE LIMPOPO",NULL,2,"ROOM 105","AXA MANSARD"
1072,"MR EAZI",NULL,4,"ROOM 201","RELIANCE HEALTH"
1080,"NAIRA MARLEY",NULL,2,"ROOM 102","LEADWAY ASSURANCE"
1088,"JOHNNY DRILLE",NULL,1,"ROOM 108","AXA MANSARD"
1092,"COBHAMS ASUQUO",NULL,4,"ROOM 201","NEM INSURANCE"
1096,"PASUMA WONDER",NULL,3,"ROOM 110","NEM INSURANCE"
1100,"KING SUNNY ADE",NULL,2,"ROOM 102","RELIANCE HEALTH"
1104,"FEMI KUTI",NULL,5,"ROOM 105","LEADWAY ASSURANCE"
1108,"TONY TETUILA",NULL,1,"ROOM 108","LEADWAY ASSURANCE"
1112,"FAZE ALONE",NULL,4,"ROOM 201","AXA MANSARD"
1116,"RUGGEDMAN OPOMULERO",NULL,3,"ROOM 110","AXA MANSARD"
1120,"ICE PRINCE ZAMANI",NULL,2,"ROOM 102","NEM INSURANCE"
1007,"MUSA IBRAHIM",2026-04-05,3,"ROOM 102","LEADWAY ASSURANCE"
1068,"REEKADO BANKS",2026-04-06,1,"ROOM 108","RELIANCE HEALTH"
1001,"CHIDI OKOROFOR",2026-05-01,4,"ROOM 102","AXA MANSARD"
1003,"BLESSING  NWOSU",2026-05-02,2,UNASSIGNED,"NEM INSURANCE"
1004,"JOHN DOE",2026-05-02,3,"ROOM 102","AXA MANSARD"
1010,"JOHN DOE",2026-05-02,3,"ROOM 102","AXA MANSARD"
1005,"TUNDE ALAO",2026-05-03,1,"ROOM 201","RELIANCE HEALTH"
1006,"MARY AM   OKON",2026-05-03,5,"ROOM 105",SELF-PAY
1008,"CHINELO EZE",2026-05-04,2,"ROOM 204","AXA MANSARD"
1009,"FUNMI ADEYEMI",2026-05-05,4,UNASSIGNED,"RELIANCE HEALTH"
1011,"EMEKA NNAJI",2026-05-05,1,"ROOM 108","LEADWAY ASSURANCE"
1012,"AISHA MUHAMMAD",2026-05-06,5,"ROOM 105","AXA MANSARD"
1014,"CHIOMA OBI",2026-05-07,3,"ROOM 110","RELIANCE HEALTH"
1015,"OLUMIDE BAKARE",2026-05-07,4,"ROOM 108","NEM INSURANCE"
1016,"NUHU RIBADU",2026-05-08,2,"ROOM 201","AXA MANSARD"
1017,"YINKA SHONIBARE",2026-05-08,1,UNASSIGNED,"LEADWAY ASSURANCE"
1019,"CHINEDU IKEDIEZE",2026-05-09,3,"ROOM 110","NEM INSURANCE"
1020,"FUNKE AKINDELE",2026-05-10,4,"ROOM 108","AXA MANSARD"
1021,"AMARACHI ONYEMA",2026-05-10,2,"ROOM 102",SELF-PAY
1022,"BASHIR YUSUF",2026-05-11,3,"ROOM 204","LEADWAY ASSURANCE"
1024,"OSAS IGHODARO",2026-05-12,5,"ROOM 105","NEM INSURANCE"
1025,"TOBI AMUSAN",2026-05-12,4,UNASSIGNED,"AXA MANSARD"
1026,"UCHE JOMBO",2026-05-13,2,"ROOM 201","LEADWAY ASSURANCE"
1027,"BANKY WELLINGTON",2026-05-13,1,"ROOM 110","RELIANCE HEALTH"
1029,"DAVIDO ADELEKE",2026-05-14,5,"ROOM 105","AXA MANSARD"
1030,"WIZKID BALOGUN",2026-05-15,2,"ROOM 102",SELF-PAY
1031,"BURNA BOY",2026-05-15,4,"ROOM 204","LEADWAY ASSURANCE"
1033,"OLAMIDE ADEDEJI",2026-05-16,1,"ROOM 110","NEM INSURANCE"
1034,"DON JAZZY",2026-05-17,5,"ROOM 105","AXA MANSARD"
1035,"FALZ FOLARIN",2026-05-17,2,UNASSIGNED,"LEADWAY ASSURANCE"
1036,"REMA DIVINE",2026-05-18,3,"ROOM 201","RELIANCE HEALTH"
1038,"FIREBOY DML",2026-05-19,1,"ROOM 102","AXA MANSARD"
1039,"AYRA STARR",2026-05-20,5,"ROOM 105",SELF-PAY
1040,"TEMS OPENIYI",2026-05-20,2,"ROOM 110","LEADWAY ASSURANCE"
1042,"YEMI ALADE",2026-05-21,4,"ROOM 108","NEM INSURANCE"
1043,"SIMI KOSOKO",2026-05-22,1,UNASSIGNED,"AXA MANSARD"
1044,"ADEKUNLE GOLD",2026-05-22,5,"ROOM 105","LEADWAY ASSURANCE"
1046,"INYANYA MBONG",2026-05-23,3,"ROOM 201","NEM INSURANCE"
1047,"DBANJ OYEBANJO",2026-05-24,4,"ROOM 110","AXA MANSARD"
1048,"2BABA IDIBIA",2026-05-24,1,"ROOM 108",SELF-PAY
1050,"PHYNO FINO",2026-05-25,2,"ROOM 204","RELIANCE HEALTH"
1051,"OMAWUMI MEGBELE",2026-05-26,3,UNASSIGNED,"NEM INSURANCE"
1052,"WAJE IRUOBE",2026-05-26,4,"ROOM 102","AXA MANSARD"
1054,"DUNCAN MIGHTY",2026-05-27,5,"ROOM 105","RELIANCE HEALTH"
1055,"MI ABAGA",2026-05-28,2,"ROOM 108","NEM INSURANCE"
1056,"ICE PRINCE",2026-05-28,3,"ROOM 110","AXA MANSARD"
1058,"VECTOR THAVIPER",2026-05-29,1,"ROOM 204","LEADWAY ASSURANCE"
1059,"ILLBLISS OGA",2026-05-30,5,"ROOM 105","RELIANCE HEALTH"
1060,"REMINISCE ALAGA",2026-05-30,2,"ROOM 102","NEM INSURANCE"
1062,"IKECHUKWU KILLZ",2026-05-31,4,"ROOM 108","LEADWAY ASSURANCE"
1063,"D PRINCE",2026-06-01,1,"ROOM 110","RELIANCE HEALTH"
1064,"DR SID",2026-06-01,5,UNASSIGNED,"NEM INSURANCE"
1066,"HARRYSONG REGGAE",2026-06-02,3,"ROOM 102","LEADWAY ASSURANCE"
1067,"SKIIBII MAYANA",2026-06-03,4,"ROOM 204",SELF-PAY
1069,"LIL KESH",2026-06-04,5,"ROOM 105","NEM INSURANCE"
1070,"KIZZ DANIEL",2026-06-05,2,"ROOM 110","AXA MANSARD"
1071,"TEKNO MILES",2026-06-05,3,UNASSIGNED,"LEADWAY ASSURANCE"
1073,"JOEBOY AMAKA",2026-06-06,1,"ROOM 102","NEM INSURANCE"
1074,"FIREBOY DML 2",2026-06-07,5,"ROOM 105","AXA MANSARD"
1075,"OX LADE",2026-06-07,2,"ROOM 108",SELF-PAY
1077,"BUJU BNXN",2026-06-08,4,"ROOM 110","RELIANCE HEALTH"
1078,"RUGER DIO",2026-06-09,1,UNASSIGNED,"NEM INSURANCE"
1079,"ZLATAN IBILE",2026-06-09,5,"ROOM 105","AXA MANSARD"
1081,"BELLA SHMURDA",2026-06-10,3,"ROOM 201","RELIANCE HEALTH"
1082,"MOHBAD IMOLE",2026-06-11,4,"ROOM 108","NEM INSURANCE"
1083,"SEY I VIBEZ",2026-06-11,1,"ROOM 110",SELF-PAY
1085,"ODUMODU BLVCK",2026-06-12,2,UNASSIGNED,"LEADWAY ASSURANCE"
1086,"BLAQBONEZ EMEKA",2026-06-13,3,"ROOM 102","RELIANCE HEALTH"
1087,"CHIKE EZE",2026-06-13,4,"ROOM 204","NEM INSURANCE"
1089,"RIC HASSANI",2026-06-14,5,"ROOM 105","LEADWAY ASSURANCE"
1090,"PRAIZ ADEJO",2026-06-15,2,"ROOM 110",SELF-PAY
1091,"BEZ IDAKULA",2026-06-15,3,UNASSIGNED,"RELIANCE HEALTH"
1093,"ASA ESHA",2026-06-16,1,"ROOM 102","AXA MANSARD"
1094,"NNEKA EGBUNA",2026-06-17,5,"ROOM 105","LEADWAY ASSURANCE"
1095,"YINKA AYEFELE",2026-06-17,2,"ROOM 108","RELIANCE HEALTH"
1097,"SAHEED OSUPA",2026-06-18,4,"ROOM 204",SELF-PAY
1098,"OBESERE ABASS",2026-06-19,1,UNASSIGNED,"AXA MANSARD"
1099,"KWAM ONE",2026-06-19,5,"ROOM 105","LEADWAY ASSURANCE"
1101,"EBENEZER OBEY",2026-06-20,3,"ROOM 201","NEM INSURANCE"
1102,"SIR SHINA PETERS",2026-06-21,4,"ROOM 108","AXA MANSARD"
1103,"LAGBAJA MASK",2026-06-21,1,"ROOM 110",SELF-PAY
1105,"SEUN KUTI",2026-06-22,2,UNASSIGNED,"RELIANCE HEALTH"
1106,"MADE KUTI",2026-06-23,3,"ROOM 102","NEM INSURANCE"
1107,"SUNNY NEJI",2026-06-23,4,"ROOM 204","AXA MANSARD"
1109,"EEDRIS ABDULKAREEM",2026-06-24,5,"ROOM 105","RELIANCE HEALTH"
1110,"EDDY MONTANA",2026-06-25,2,"ROOM 110",SELF-PAY
1111,"BLACKFACE NAJA",2026-06-25,3,UNASSIGNED,"NEM INSURANCE"
1113,"2BABA IN ER",2026-06-26,1,"ROOM 102","LEADWAY ASSURANCE"
1114,"9ICE AGBAMI",2026-06-27,5,"ROOM 105","RELIANCE HEALTH"
1115,"IDRIS ABDULKAREEM",2026-06-27,2,"ROOM 108","NEM INSURANCE"
1117,"MODE NINE",2026-06-28,4,"ROOM 204",SELF-PAY
1118,"MI ABAGA THEGUY",2026-06-29,1,UNASSIGNED,"LEADWAY ASSURANCE"
1119,"JESSE JAGZ EMPEROR",2026-06-29,5,"ROOM 105","RELIANCE HEALTH"
1122,"JESSE JAGZ 2",2026-06-29,5,"ROOM 105","RELIANCE HEALTH"
1121,"BRYMO OLAWALE",2026-06-30,3,"ROOM 201","AXA MANSARD"
1076,"VICTONY OUTLAW",2026-08-06,3,"ROOM 204","LEADWAY ASSURANCE"
1018,"ZAINAB ABBA",2026-09-05,5,"ROOM 105","RELIANCE HEALTH"
1084,"SHALLIPOPI PLUTO",2026-12-06,5,"ROOM 105","AXA MANSARD"
